{"stats":{"minecraft:picked_up":{"minecraft:yellow_wool":3,"minecraft:pink_wool":4,"minecraft:potion":18,"minecraft:magenta_wool":3,"minecraft:bucket":32,"minecraft:cyan_wool":3,"minecraft:lime_wool":3,"minecraft:redstone":16,"minecraft:netherite_pickaxe":5,"minecraft:command_block":1,"minecraft:light_blue_wool":3,"minecraft:saddle":12,"minecraft:repeater":20,"minecraft:water_bucket":27,"minecraft:carrot_on_a_stick":53,"minecraft:paper":2,"minecraft:glass_bottle":100,"minecraft:red_wool":3,"minecraft:orange_wool":3,"minecraft:dispenser":30,"minecraft:bone_meal":1,"minecraft:gray_wool":3,"minecraft:red_concrete":10},"minecraft:dropped":{"minecraft:netherite_pickaxe":1,"minecraft:command_block":1,"minecraft:carrot_on_a_stick":52,"minecraft:dispenser":30,"minecraft:pink_wool":1},"minecraft:mined":{"minecraft:jungle_leaves":21,"minecraft:coal_block":113,"minecraft:cobblestone":90,"minecraft:cracked_stone_bricks":40},"minecraft:used":{"minecraft:oak_trapdoor":14,"minecraft:purpur_block":19,"minecraft:jungle_leaves":17,"minecraft:blue_terracotta":9,"minecraft:iron_bars":113,"minecraft:iron_shovel":21,"minecraft:crimson_fence":20,"minecraft:orange_concrete":35,"minecraft:polished_blackstone":4,"minecraft:dispenser":11,"minecraft:carrot_on_a_stick":1192,"minecraft:red_concrete":107,"minecraft:redstone":273,"minecraft:spruce_slab":11,"minecraft:bone_block":128,"minecraft:oak_sign":1,"minecraft:light_blue_terracotta":21,"minecraft:stripped_warped_stem":4,"minecraft:chest":53,"minecraft:stone":27,"minecraft:white_terracotta":13,"minecraft:ender_chest":2,"minecraft:brown_concrete":10,"minecraft:quartz_stairs":81,"minecraft:player_head":28,"minecraft:green_terracotta":69,"minecraft:soul_campfire":1,"minecraft:debug_stick":194,"minecraft:orange_stained_glass":18,"minecraft:light_gray_shulker_box":1,"minecraft:brewing_stand":9,"minecraft:anvil":1,"minecraft:dirt":4,"minecraft:ancient_debris":80,"minecraft:target":1,"minecraft:hopper":8,"minecraft:blue_stained_glass":6,"minecraft:prismarine_bricks":3,"minecraft:orange_glazed_terracotta":9,"minecraft:spruce_stairs":3,"minecraft:prismarine_brick_stairs":10,"minecraft:shulker_box":2,"minecraft:orange_wool":58,"minecraft:pink_terracotta":119,"minecraft:oak_wood":1,"minecraft:cyan_wool":135,"minecraft:light_blue_stained_glass":2,"minecraft:blue_concrete":37,"minecraft:shroomlight":403,"minecraft:andesite_wall":9,"minecraft:jungle_sapling":2,"minecraft:glass":30,"minecraft:brown_terracotta":11,"minecraft:crimson_button":11,"minecraft:packed_ice":10,"minecraft:sea_lantern":181,"minecraft:cyan_terracotta":11,"minecraft:stripped_dark_oak_wood":8,"minecraft:light_gray_stained_glass":9,"minecraft:bookshelf":7,"minecraft:quartz_pillar":11,"minecraft:quartz_slab":16,"minecraft:red_wool":45,"minecraft:yellow_stained_glass":19,"minecraft:iron_block":142,"minecraft:grass_block":3,"minecraft:quartz_block":407,"minecraft:green_wool":37,"minecraft:jungle_log":3,"minecraft:crimson_slab":6,"minecraft:light_blue_bed":4,"minecraft:smooth_quartz":36,"minecraft:dark_oak_button":6,"minecraft:pink_wool":70,"minecraft:crimson_planks":3,"minecraft:barrel":37,"minecraft:stone_bricks":119,"minecraft:blue_banner":7,"minecraft:repeater":225,"minecraft:item_frame":63,"minecraft:warped_stairs":28,"minecraft:yellow_concrete_powder":7,"minecraft:bedrock":3,"minecraft:light_gray_wool":184,"minecraft:birch_button":1,"minecraft:tripwire_hook":15,"minecraft:purple_concrete":37,"minecraft:birch_trapdoor":4,"minecraft:lime_concrete":51,"minecraft:redstone_lamp":195,"minecraft:magma_block":6,"minecraft:snow":66,"minecraft:magenta_wool":123,"minecraft:emerald_block":1,"minecraft:iron_trapdoor":33,"minecraft:magenta_terracotta":30,"minecraft:lime_stained_glass":10,"minecraft:minecart":4,"minecraft:netherite_pickaxe":197,"minecraft:polished_diorite_stairs":1,"minecraft:pink_concrete_powder":9,"minecraft:observer":2,"minecraft:quartz_bricks":33,"minecraft:dark_oak_stairs":12,"minecraft:water_bucket":270,"minecraft:end_rod":75,"minecraft:dropper":4,"minecraft:lodestone":28,"minecraft:snow_block":2,"minecraft:powered_rail":4,"minecraft:polished_andesite":82,"minecraft:lime_wool":100,"minecraft:oak_planks":1,"minecraft:cartography_table":6,"minecraft:blue_wool":29,"minecraft:polished_diorite_slab":4,"minecraft:blackstone":2,"minecraft:sandstone":9,"minecraft:redstone_block":74,"minecraft:black_glazed_terracotta":83,"minecraft:composter":1,"minecraft:cauldron":35,"minecraft:magenta_stained_glass":6,"minecraft:beacon":1,"minecraft:purpur_pillar":1,"minecraft:cracked_stone_bricks":2,"minecraft:gilded_blackstone":2,"minecraft:white_wool":120,"minecraft:pink_concrete":8,"minecraft:diamond_block":13,"minecraft:rail":3,"minecraft:sand":1,"minecraft:lime_terracotta":65,"minecraft:comparator":23,"minecraft:terracotta":324,"minecraft:yellow_terracotta":20,"minecraft:light_blue_concrete":77,"minecraft:crafting_table":7,"minecraft:loom":1,"minecraft:crimson_trapdoor":10,"minecraft:light_blue_wool":44,"minecraft:birch_sign":132,"minecraft:light_gray_terracotta":92,"minecraft:yellow_concrete":144,"minecraft:chiseled_quartz_block":6,"minecraft:stone_brick_wall":1,"minecraft:gray_concrete":204,"minecraft:painting":23,"minecraft:warped_planks":2,"minecraft:redstone_torch":34,"minecraft:oak_log":99,"minecraft:black_terracotta":9,"minecraft:sticky_piston":4,"minecraft:netherite_block":228,"minecraft:lever":150,"minecraft:piston":31,"minecraft:dark_prismarine":22,"minecraft:green_concrete":17,"minecraft:blue_glazed_terracotta":56,"minecraft:flower_pot":17,"minecraft:black_concrete":204,"minecraft:command_block":170,"minecraft:light_gray_concrete":23,"minecraft:heavy_weighted_pressure_plate":7,"minecraft:iron_pickaxe":46,"minecraft:brown_wool":19,"minecraft:brown_stained_glass":11,"minecraft:barrier":88,"minecraft:map":3,"minecraft:stone_button":268,"minecraft:lectern":2,"minecraft:detector_rail":13,"minecraft:white_glazed_terracotta":18,"minecraft:red_terracotta":38,"minecraft:magenta_concrete_powder":23,"minecraft:spruce_trapdoor":21,"minecraft:iron_door":38,"minecraft:prismarine_wall":2,"minecraft:gravel":7,"minecraft:yellow_wool":86,"minecraft:soul_lantern":1,"minecraft:crimson_sign":6,"minecraft:stripped_warped_hyphae":1,"minecraft:green_shulker_box":11,"minecraft:coal_block":1,"minecraft:cobblestone":39,"minecraft:white_banner":5,"minecraft:bucket":20,"minecraft:dark_oak_fence":2,"minecraft:smithing_table":1,"minecraft:red_banner":2,"minecraft:lapis_block":6,"minecraft:white_stained_glass":25,"minecraft:chain_command_block":29,"minecraft:smooth_stone_slab":34,"minecraft:repeating_command_block":21,"minecraft:polished_blackstone_button":8,"minecraft:sea_pickle":5,"minecraft:stripped_oak_log":1,"minecraft:white_concrete":169,"minecraft:coarse_dirt":12,"minecraft:warped_button":2,"minecraft:gray_wool":213,"minecraft:jukebox":4,"minecraft:purple_wool":115,"minecraft:gray_stained_glass":20},"minecraft:custom":{"minecraft:interact_with_smithing_table":1,"minecraft:inspect_dropper":10,"minecraft:interact_with_anvil":4,"minecraft:inspect_hopper":43,"minecraft:interact_with_crafting_table":1,"minecraft:open_barrel":280,"minecraft:fill_cauldron":195,"minecraft:open_shulker_box":42,"minecraft:time_since_death":7922385,"minecraft:leave_game":99,"minecraft:climb_one_cm":132,"minecraft:damage_resisted":20050,"minecraft:sprint_one_cm":1157902,"minecraft:walk_one_cm":4650860,"minecraft:drop":85,"minecraft:deaths":5,"minecraft:sneak_time":55298,"minecraft:walk_under_water_one_cm":5698,"minecraft:jump":1212,"minecraft:interact_with_brewingstand":31,"minecraft:walk_on_water_one_cm":5778,"minecraft:play_one_minute":8079253,"minecraft:interact_with_loom":1,"minecraft:sleep_in_bed":1,"minecraft:time_since_rest":6667782,"minecraft:damage_taken":1240,"minecraft:minecart_one_cm":3056,"minecraft:interact_with_beacon":5,"minecraft:fly_one_cm":9028648,"minecraft:pig_one_cm":3830,"minecraft:open_chest":221,"minecraft:crouch_one_cm":59390,"minecraft:fall_one_cm":351604,"minecraft:use_cauldron":192,"minecraft:inspect_dispenser":38}},"DataVersion":2580}