{"stats":{"minecraft:picked_up":{"minecraft:anvil":14,"minecraft:brown_mushroom":3,"minecraft:gravel":55,"minecraft:porkchop":3,"minecraft:redstone":4,"minecraft:light_blue_concrete_powder":1,"minecraft:cracked_stone_bricks":8,"minecraft:lever":5,"minecraft:scute":1,"minecraft:iron_block":1,"minecraft:rabbit":3,"minecraft:coal_block":37,"minecraft:rail":9,"minecraft:cobblestone":37},"minecraft:custom":{"minecraft:time_since_rest":323706,"minecraft:sprint_one_cm":194,"minecraft:damage_taken":9800,"minecraft:walk_one_cm":2078264,"minecraft:inspect_hopper":6,"minecraft:interact_with_cartography_table":1,"minecraft:fly_one_cm":832944,"minecraft:open_barrel":62,"minecraft:pig_one_cm":25014,"minecraft:open_chest":30,"minecraft:fill_cauldron":28,"minecraft:crouch_one_cm":9137,"minecraft:play_one_minute":323706,"minecraft:sneak_time":8873,"minecraft:jump":23,"minecraft:leave_game":16,"minecraft:time_since_death":323706,"minecraft:damage_resisted":198660,"minecraft:fall_one_cm":137952,"minecraft:use_cauldron":70,"minecraft:inspect_dispenser":5},"minecraft:used":{"minecraft:crimson_button":6,"minecraft:lever":3,"minecraft:water_bucket":4,"minecraft:sea_lantern":1,"minecraft:black_concrete":36,"minecraft:light_gray_stained_glass":2,"minecraft:iron_shovel":20,"minecraft:lodestone":8,"minecraft:red_concrete":20,"minecraft:command_block":8,"minecraft:carrot_on_a_stick":461,"minecraft:bone_block":13,"minecraft:iron_block":3,"minecraft:iron_pickaxe":8,"minecraft:redstone":43,"minecraft:oak_button":1,"minecraft:pig_spawn_egg":4,"minecraft:stone_button":1,"minecraft:smooth_quartz":1,"minecraft:stone_bricks":8,"minecraft:birch_button":1,"minecraft:repeater":23,"minecraft:jungle_button":1,"minecraft:netherite_pickaxe":73,"minecraft:bucket":8,"minecraft:polished_blackstone_button":3,"minecraft:acacia_button":1,"minecraft:warped_button":10},"minecraft:mined":{"minecraft:jungle_leaves":20,"minecraft:coal_block":37,"minecraft:cobblestone":36,"minecraft:cracked_stone_bricks":8}},"DataVersion":2580}