{"stats":{"minecraft:picked_up":{"minecraft:anvil":14,"minecraft:brown_mushroom":3,"minecraft:porkchop":3,"minecraft:gravel":55,"minecraft:redstone":4,"minecraft:light_blue_concrete_powder":1,"minecraft:cracked_stone_bricks":8,"minecraft:lever":5,"minecraft:iron_block":1,"minecraft:scute":1,"minecraft:rabbit":3,"minecraft:coal_block":37,"minecraft:rail":9,"minecraft:cobblestone":37},"minecraft:custom":{"minecraft:time_since_rest":282580,"minecraft:walk_one_cm":2004844,"minecraft:inspect_hopper":6,"minecraft:interact_with_cartography_table":1,"minecraft:fly_one_cm":829525,"minecraft:open_barrel":62,"minecraft:open_chest":30,"minecraft:pig_one_cm":9975,"minecraft:fill_cauldron":28,"minecraft:crouch_one_cm":7499,"minecraft:play_one_minute":282580,"minecraft:sneak_time":8174,"minecraft:jump":21,"minecraft:leave_game":7,"minecraft:time_since_death":282580,"minecraft:use_cauldron":70,"minecraft:fall_one_cm":47395,"minecraft:inspect_dispenser":5},"minecraft:used":{"minecraft:crimson_button":6,"minecraft:lever":3,"minecraft:water_bucket":4,"minecraft:sea_lantern":1,"minecraft:black_concrete":36,"minecraft:light_gray_stained_glass":2,"minecraft:iron_shovel":20,"minecraft:lodestone":8,"minecraft:command_block":8,"minecraft:oak_button":1,"minecraft:iron_block":3,"minecraft:red_concrete":20,"minecraft:redstone":43,"minecraft:carrot_on_a_stick":461,"minecraft:iron_pickaxe":8,"minecraft:bone_block":5,"minecraft:stone_button":1,"minecraft:smooth_quartz":1,"minecraft:stone_bricks":8,"minecraft:birch_button":1,"minecraft:repeater":23,"minecraft:jungle_button":1,"minecraft:bucket":8,"minecraft:netherite_pickaxe":73,"minecraft:polished_blackstone_button":3,"minecraft:acacia_button":1,"minecraft:warped_button":10},"minecraft:mined":{"minecraft:jungle_leaves":20,"minecraft:cobblestone":36,"minecraft:cracked_stone_bricks":8,"minecraft:coal_block":37}},"DataVersion":2580}