{"stats":{"minecraft:mined":{"minecraft:cobblestone":18},"minecraft:custom":{"minecraft:open_barrel":5,"minecraft:pig_one_cm":5350,"minecraft:time_since_rest":110556,"minecraft:crouch_one_cm":732,"minecraft:play_one_minute":110556,"minecraft:leave_game":1,"minecraft:damage_taken":10,"minecraft:time_since_death":110556,"minecraft:walk_one_cm":1183386,"minecraft:sneak_time":299,"minecraft:damage_resisted":516,"minecraft:fall_one_cm":17772,"minecraft:fly_one_cm":2374,"minecraft:open_chest":1},"minecraft:picked_up":{"minecraft:light_blue_concrete_powder":12,"minecraft:cobblestone":17,"minecraft:gravel":14},"minecraft:used":{"minecraft:carrot_on_a_stick":120,"minecraft:netherite_pickaxe":18,"minecraft:repeater":5,"minecraft:redstone":11}},"DataVersion":2580}