{"stats":{"minecraft:mined":{"minecraft:cobblestone":13,"minecraft:jungle_leaves":20},"minecraft:custom":{"minecraft:open_barrel":4,"minecraft:time_since_rest":78093,"minecraft:pig_one_cm":1474,"minecraft:play_one_minute":78093,"minecraft:crouch_one_cm":2376,"minecraft:open_shulker_box":12,"minecraft:damage_taken":20,"minecraft:walk_one_cm":771288,"minecraft:sneak_time":1260,"minecraft:drop":5,"minecraft:jump":2,"minecraft:leave_game":1,"minecraft:time_since_death":78093,"minecraft:fly_one_cm":2803,"minecraft:open_chest":29},"minecraft:picked_up":{"minecraft:gravel":1,"minecraft:sand":9,"minecraft:jungle_sapling":1,"minecraft:cobblestone":13},"minecraft:dropped":{"minecraft:sand":5},"minecraft:used":{"minecraft:lever":1,"minecraft:iron_shovel":20,"minecraft:carrot_on_a_stick":184,"minecraft:netherite_pickaxe":13}},"DataVersion":2580}