{"stats":{"minecraft:dropped":{"minecraft:carrot_on_a_stick":44},"minecraft:picked_up":{"minecraft:light_blue_concrete_powder":14,"minecraft:sand":10,"minecraft:weeping_vines":2,"minecraft:anvil":42,"minecraft:carrot_on_a_stick":44,"minecraft:string":5,"minecraft:cobblestone":1,"minecraft:gravel":37},"minecraft:custom":{"minecraft:open_barrel":7,"minecraft:pig_one_cm":12685,"minecraft:time_since_rest":173958,"minecraft:play_one_minute":173958,"minecraft:crouch_one_cm":13260,"minecraft:leave_game":4,"minecraft:open_shulker_box":12,"minecraft:time_since_death":173958,"minecraft:walk_one_cm":1555764,"minecraft:sneak_time":4223,"minecraft:drop":44,"minecraft:fall_one_cm":38552,"minecraft:fly_one_cm":5904},"minecraft:used":{"minecraft:carrot_on_a_stick":90},"minecraft:crafted":{"minecraft:carrot_on_a_stick":1}},"DataVersion":2580}