{"stats":{"minecraft:picked_up":{"minecraft:light_blue_concrete_powder":13,"minecraft:carrot_on_a_stick":2,"minecraft:bucket":4,"minecraft:gravel":65,"minecraft:redstone":8,"minecraft:netherite_pickaxe":1,"minecraft:cobblestone":132},"minecraft:custom":{"minecraft:open_chest":20,"minecraft:time_since_rest":208387,"minecraft:pig_one_cm":4686,"minecraft:crouch_one_cm":7499,"minecraft:play_one_minute":208387,"minecraft:damage_taken":30,"minecraft:walk_one_cm":1478433,"minecraft:sneak_time":2936,"minecraft:inspect_hopper":1,"minecraft:leave_game":3,"minecraft:time_since_death":208387,"minecraft:fall_one_cm":19380,"minecraft:use_cauldron":5,"minecraft:fly_one_cm":4049,"minecraft:open_barrel":41},"minecraft:used":{"minecraft:lever":1,"minecraft:repeater":29,"minecraft:iron_shovel":20,"minecraft:red_concrete":20,"minecraft:carrot_on_a_stick":163,"minecraft:redstone":58,"minecraft:netherite_pickaxe":138,"minecraft:bucket":8},"minecraft:mined":{"minecraft:cobblestone":138,"minecraft:jungle_leaves":20}},"DataVersion":2580}