{"stats":{"minecraft:custom":{"minecraft:open_barrel":13,"minecraft:pig_one_cm":652,"minecraft:time_since_rest":88920,"minecraft:play_one_minute":88920,"minecraft:crouch_one_cm":1050,"minecraft:leave_game":3,"minecraft:time_since_death":88920,"minecraft:walk_one_cm":638754,"minecraft:sneak_time":1872,"minecraft:open_chest":1,"minecraft:fall_one_cm":8886,"minecraft:fly_one_cm":2623,"minecraft:inspect_dispenser":1,"minecraft:fill_cauldron":9},"minecraft:picked_up":{"minecraft:carrot_on_a_stick":1},"minecraft:used":{"minecraft:carrot_on_a_stick":198,"minecraft:bucket":4,"minecraft:repeater":14,"minecraft:redstone":10}},"DataVersion":2580}