{"stats":{"minecraft:used":{"minecraft:netherite_block":8,"minecraft:green_concrete":4,"minecraft:repeater":9,"minecraft:command_block":5,"minecraft:birch_sign":3,"minecraft:chain_command_block":1,"minecraft:red_concrete":46,"minecraft:iron_block":1,"minecraft:redstone":34,"minecraft:carrot_on_a_stick":216,"minecraft:bucket":3,"minecraft:bone_block":3,"minecraft:stone_button":4,"minecraft:light_blue_terracotta":2,"minecraft:warped_sign":2},"minecraft:custom":{"minecraft:open_barrel":20,"minecraft:time_since_rest":2358541,"minecraft:open_chest":4,"minecraft:fill_cauldron":18,"minecraft:crouch_one_cm":1411,"minecraft:play_one_minute":2358541,"minecraft:sprint_one_cm":173223,"minecraft:damage_taken":70,"minecraft:walk_one_cm":434431,"minecraft:sneak_time":709,"minecraft:jump":33,"minecraft:interact_with_brewingstand":1,"minecraft:inspect_hopper":1,"minecraft:leave_game":14,"minecraft:walk_on_water_one_cm":65,"minecraft:time_since_death":2358541,"minecraft:fall_one_cm":66836,"minecraft:fly_one_cm":83843,"minecraft:inspect_dispenser":1}},"DataVersion":2580}