{"stats":{"minecraft:picked_up":{"minecraft:repeater":5,"minecraft:redstone":7},"minecraft:used":{"minecraft:item_frame":1,"minecraft:glass":22,"minecraft:green_concrete":3,"minecraft:lever":8,"minecraft:black_concrete":41,"minecraft:repeater":58,"minecraft:redstone_lamp":4,"minecraft:lime_concrete":4,"minecraft:terracotta":1,"minecraft:command_block":5,"minecraft:iron_block":1,"minecraft:lime_wool":4,"minecraft:birch_sign":4,"minecraft:redstone":61,"minecraft:carrot_on_a_stick":159,"minecraft:bucket":2,"minecraft:bone_block":1,"minecraft:stone_button":4,"minecraft:quartz_block":2,"minecraft:white_glazed_terracotta":1,"minecraft:chest":1,"minecraft:warped_button":2,"minecraft:warped_sign":2,"minecraft:barrel":11,"minecraft:crimson_planks":1,"minecraft:redstone_torch":4},"minecraft:custom":{"minecraft:open_barrel":101,"minecraft:time_since_rest":5024777,"minecraft:open_chest":14,"minecraft:crouch_one_cm":3025,"minecraft:play_one_minute":5024777,"minecraft:sprint_one_cm":145960,"minecraft:damage_taken":30,"minecraft:walk_one_cm":527157,"minecraft:sneak_time":2384,"minecraft:walk_under_water_one_cm":119,"minecraft:jump":75,"minecraft:leave_game":25,"minecraft:walk_on_water_one_cm":430,"minecraft:time_since_death":5024777,"minecraft:damage_resisted":20,"minecraft:use_cauldron":54,"minecraft:fall_one_cm":19852,"minecraft:fly_one_cm":643294}},"DataVersion":2580}