{"stats":{"minecraft:dropped":{"minecraft:gravel":1},"minecraft:picked_up":{"minecraft:stick":1,"minecraft:carrot_on_a_stick":2,"minecraft:gravel":81,"minecraft:cobblestone":4},"minecraft:custom":{"minecraft:fill_cauldron":9,"minecraft:time_since_rest":105997,"minecraft:pig_one_cm":24842,"minecraft:play_one_minute":105997,"minecraft:crouch_one_cm":3204,"minecraft:walk_one_cm":616610,"minecraft:sneak_time":1112,"minecraft:drop":1,"minecraft:inspect_hopper":1,"minecraft:leave_game":1,"minecraft:time_since_death":105997,"minecraft:open_chest":6,"minecraft:fly_one_cm":1060,"minecraft:inspect_dispenser":5,"minecraft:open_barrel":18},"minecraft:used":{"minecraft:iron_shovel":15,"minecraft:iron_block":2,"minecraft:red_concrete":10,"minecraft:redstone":12,"minecraft:carrot_on_a_stick":157,"minecraft:bucket":1},"minecraft:mined":{"minecraft:jungle_leaves":15}},"DataVersion":2580}