{
	"credit": "Made with Blockbench",
	"textures": {
		"0": "block/black_concrete",
		"1": "deco/telescope",
		"particle": "deco/telescope"
	},
	"elements": [
		{
			"from": [6, 6.77356, 2.05798],
			"to": [10, 10.77356, 14.05798],
			"rotation": {"angle": 0, "axis": "x", "origin": [8, 8.82663, 8.14753]},
			"faces": {
				"north": {"uv": [0, 0, 4, 4], "texture": "#1"},
				"east": {"uv": [0, 12, 12, 16], "texture": "#1"},
				"south": {"uv": [0, 8, 4, 12], "texture": "#1"},
				"west": {"uv": [0, 12, 12, 16], "texture": "#1"},
				"up": {"uv": [0, 12, 12, 16], "rotation": 90, "texture": "#1"},
				"down": {"uv": [0, 12, 12, 16], "rotation": 90, "texture": "#1"}
			}
		},
		{
			"from": [5.75, 6.52356, -2.19202],
			"to": [10.25, 11.02356, 2.05798],
			"rotation": {"angle": 0, "axis": "x", "origin": [8, 8.82663, 8.14753]},
			"faces": {
				"north": {"uv": [0, 0, 0.5, 0.5], "texture": "#1"},
				"east": {"uv": [0, 0, 3.5, 3.5], "rotation": 180, "texture": "#1"},
				"south": {"uv": [3, 0, 3.5, 0.5], "texture": "#1"},
				"west": {"uv": [0, 0, 3.5, 3.5], "texture": "#1"},
				"up": {"uv": [0, 0, 3.5, 3.5], "rotation": 90, "texture": "#1"},
				"down": {"uv": [0, 0, 3.5, 3.5], "rotation": 270, "texture": "#1"}
			}
		},
		{
			"from": [6.25, 7.02356, -2.24202],
			"to": [9.75, 10.52356, -2.19202],
			"rotation": {"angle": 0, "axis": "x", "origin": [8, 8.82663, 8.14753]},
			"faces": {
				"north": {"uv": [0, 0, 7, 7], "texture": "#0"},
				"east": {"uv": [0, 0, 7, 7], "texture": "#0"},
				"south": {"uv": [0, 0, 4.5, 4.5], "texture": "#0"},
				"west": {"uv": [0, 0, 7, 7], "texture": "#0"},
				"up": {"uv": [0, 0, 7, 7], "texture": "#0"},
				"down": {"uv": [0, 0, 7, 7], "texture": "#0"}
			}
		},
		{
			"from": [6.5, 7.27356, 14.05798],
			"to": [9.5, 10.27356, 18.05798],
			"rotation": {"angle": 0, "axis": "x", "origin": [8, 8.82663, 8.14753]},
			"faces": {
				"north": {"uv": [0, 0, 3, 3], "texture": "#1"},
				"east": {"uv": [4, 9, 8, 12], "texture": "#1"},
				"south": {"uv": [0, 8, 3, 11], "texture": "#1"},
				"west": {"uv": [4, 9, 8, 12], "texture": "#1"},
				"up": {"uv": [4, 9, 8, 12], "rotation": 90, "texture": "#1"},
				"down": {"uv": [4, 9, 8, 12], "rotation": 90, "texture": "#1"}
			}
		},
		{
			"from": [7, 3.90578, 16.66806],
			"to": [9, 5.90578, 19.66806],
			"rotation": {"angle": -22.5, "axis": "x", "origin": [8, 8.82663, 8.14753]},
			"faces": {
				"north": {"uv": [0, 8, 3, 10], "texture": "#1"},
				"east": {"uv": [0, 8, 3, 10], "texture": "#1"},
				"south": {"uv": [0, 8, 3, 10], "texture": "#1"},
				"west": {"uv": [0, 8, 3, 10], "texture": "#1"},
				"up": {"uv": [0, 8, 3, 10], "texture": "#1"},
				"down": {"uv": [0, 8, 3, 10], "texture": "#1"}
			}
		}
	],
	"display": {
		"firstperson_righthand": {
			"rotation": [0, 45, 0],
			"scale": [0.4, 0.4, 0.4]
		},
		"ground": {
			"scale": [0.25, 0.25, 0.25]
		},
		"gui": {
			"rotation": [30, 45, 0],
			"scale": [0.64, 0.64, 0.64]
		},
		"head": {
			"rotation": [25, 0, 0],
			"translation": [0, -22, 0],
			"scale": [1.6, 1.6, 1.6]
		}
	}
}